{"cameraMode":{"drawMode":0,"name":"Shaded","section":"Shading Mode"},"sceneLighting":true,"audioPlay":false,"sceneViewState":{"m_AlwaysRefresh":false,"showFog":true,"showSkybox":true,"showFlares":true,"showImageEffects":true,"showParticleSystems":true,"showVisualEffectGraphs":true,"m_FxEnabled":true},"in2DMode":false,"pivot":{"x":16.45684051513672,"y":0.2665060758590698,"z":12.069746971130371},"rotation":{"x":0.4752888083457947,"y":-0.08761847764253617,"z":0.04763961583375931,"w":0.8741610646247864},"size":1.4197930097579957,"orthographic":false}